{
  "sample_prediction": {
    "features": [
      0.41408044219129014,
      -0.6924665449370534,
      -0.5894135350539065,
      0.09258971802938257,
      -0.1656392174880853,
      0.09307523798796746,
      2.9683554704266797,
      -0.9933507851051638,
      2.969231869761975,
      0.28817860098492404,
      -0.5205380963641698,
      0.28770219026707844,
      -0.5513335430355114,
      -0.19031654165533426,
      -0.5506920736845049,
      -0.42917241045590593,
      -0.15356273113349045,
      -0.33569005499374427,
      0.6157948610663092
    ],
    "prediction": 0,
    "actual": 0
  }
}